Nombre,Apellido,Correo,IP,Genero
Calvin,Mowlam,cmowlam0@constantcontact.com,68.148.9.144,Male
Thor,Moscone,tmoscone2@foxnews.com,99.92.7.153,Male
Alyson,Gibson,agibson3@hhs.gov,32.142.209.57,Female
Judie,Hutchin,jhutchin4@qq.com,132.166.11.54,Female
Skelly,Shirland,sshirland6@utexas.edu,45.148.58.155,Male
Tally,Hartley,thartley7@vkontakte.ru,179.8.81.99,Female
Lorelei,Delhay,ldelhay8@purevolume.com,218.156.155.167,Polygender
Andres,Papworth,apapworth9@storify.com,98.36.249.84,Male
Audrie,Saph,asapha@cbc.ca,9.174.92.166,Female
Sheba,Legendre,slegendreb@barnesandnoble.com,107.205.247.172,Female
Antons,Kerley,akerleyc@ustream.tv,120.170.43.157,Male
Noelyn,Clemetts,nclemettsd@flickr.com,168.239.145.205,Female
Harland,Sterman,hstermanf@nationalgeographic.com,,Male
Imojean,Santora,isantorag@dell.com,92.80.65.208,Female
Francesca,Pridding,fpriddingh@squarespace.com,131.68.98.125,Bigender
Trace,Rosenbush,trosenbushi@photobucket.com,80.16.27.236,Male
Avivah,Bote,abotel@gravatar.com,,Female
Freeland,Reuven,freuvenm@foxnews.com,173.122.104.178,Male
Jackelyn,Brando,jbrandon@washingtonpost.com,75.0.21.203,Female
Robin,Morley,rmorleyo@domainmarket.com,214.105.207.16,Female
Farra,Hemphrey,fhemphreyr@pbs.org,87.30.181.40,Female
Lesli,Hurdle,lhurdles@amazon.com,141.148.61.134,Female
Amandie,Rhodus,arhodust@noaa.gov,31.59.91.100,Female
Kaitlyn,Warrier,kwarrierv@weather.com,36.78.239.185,Female
Onfroi,Woolerton,owoolertonw@aol.com,250.205.135.184,Male
Annabal,Askin,aaskinx@cloudflare.com,27.93.129.225,Female
Trixie,Monaghan,tmonaghany@163.com,222.82.137.207,Female
Josselyn,Michelle,jmichellez@cdbaby.com,154.40.88.126,Female
Therine,Waplington,twaplington10@zdnet.com,135.234.90.175,Female
Rodrigo,Clingan,rclingan12@lycos.com,217.41.118.19,Male
Magdaia,Wingrove,mwingrove13@google.nl,217.59.74.29,Female
Murry,Giraudo,mgiraudo14@feedburner.com,85.147.225.236,Male
Arnie,Charpling,acharpling15@whitehouse.gov,,Male
Moise,Meffan,mmeffan16@biblegateway.com,114.15.68.77,Male
Rutledge,Binch,rbinch17@columbia.edu,201.40.56.8,Male
Marena,Claricoates,mclaricoates18@reference.com,52.117.196.229,Female
Francklyn,Ahmad,fahmad19@wix.com,129.97.112.143,Male
Eda,Elis,eelis1a@scientificamerican.com,203.187.190.76,Female
Mella,Rozanski,mrozanski1b@howstuffworks.com,106.207.200.153,
Emlynn,Caukill,ecaukill1d@etsy.com,,Female
Humbert,Robertacci,hrobertacci1e@forbes.com,,Male
Ulick,Beringer,uberinger1h@opensource.org,,Male
Abby,Gigg,agigg1i@360.cn,25.223.77.253,Male
Alida,Widdowson,awiddowson1k@biglobe.ne.jp,247.8.51.139,Female
Stan,Earlam,searlam1l@so-net.ne.jp,119.70.200.41,Male
Vince,McCrackan,vmccrackan1m@123-reg.co.uk,38.27.35.28,Male
Gisella,Harsnep,gharsnep1n@timesonline.co.uk,243.101.146.67,Female
Mathian,Etherson,metherson1o@bravesites.com,52.91.0.30,Male
Francoise,Clearley,fclearley1q@tripod.com,207.53.255.102,Female
Mayne,Drogan,mdrogan1r@soup.io,213.80.185.169,Male
Krispin,Larchiere,klarchiere1s@weather.com,28.62.194.168,Male
Carly,Tennant,ctennant1t@instagram.com,211.37.63.41,Non-binary
Dulcea,Ambresin,dambresin1v@simplemachines.org,206.168.94.47,Female
Nerty,Rocco,nrocco1w@reuters.com,,Female
Eugenio,Durdan,edurdan1x@photobucket.com,191.170.231.201,Male
Ernesto,Carle,ecarle1y@imgur.com,215.200.26.8,Male
Page,Mettericke,pmettericke1z@pcworld.com,201.192.164.248,Male
Olive,Loody,oloody20@squidoo.com,80.36.95.229,Female
Valencia,Alphonso,valphonso21@hao123.com,32.204.136.133,Female
Hyacinthie,Pedersen,hpedersen23@jugem.jp,105.36.164.36,Female
Ofelia,Dickon,odickon24@theguardian.com,,Female
Esteban,Claricoats,eclaricoats25@plala.or.jp,63.7.147.254,
Tabor,Yesson,tyesson26@pen.io,169.149.20.229,Male
Carline,Duffil,cduffil27@yolasite.com,238.177.65.233,Female
Westbrook,Philpotts,wphilpotts29@dagondesign.com,253.102.55.35,Male
Cornall,Thayre,cthayre2a@deliciousdays.com,68.254.1.220,Male
Hayyim,MacPharlain,hmacpharlain2b@amazonaws.com,233.208.90.188,Male
Shae,Izat,sizat2c@bbc.co.uk,160.67.77.101,Bigender
Evaleen,Overstall,eoverstall2d@histats.com,70.201.167.190,
Ashlin,Yoxall,ayoxall2e@usatoday.com,,Male
Isabelle,Crummey,icrummey2f@t.co,56.35.92.213,Female
Noreen,Towers,ntowers2g@icio.us,153.48.95.10,Female
Angeli,Giacomello,agiacomello2h@buzzfeed.com,,Male
Sydel,Duffill,sduffill2i@t.co,,Female
Fremont,Huxham,fhuxham2j@umich.edu,,Non-binary
Casper,MacParland,cmacparland2k@amazon.co.jp,55.121.20.129,Male
Bradford,Uccelli,buccelli2n@arizona.edu,,Male
Ev,Sarfat,esarfat2p@friendfeed.com,211.148.208.136,Male
Sim,Sturmey,ssturmey2q@techcrunch.com,,Male
Ches,Stalman,cstalman2r@craigslist.org,92.43.49.102,Male
Caitlin,Wisniowski,cwisniowski2s@ezinearticles.com,80.137.104.41,Female
Elnar,Proschke,eproschke2t@t-online.de,221.254.84.143,Male
Katusha,Fozard,kfozard2u@newsvine.com,,Female
Valina,Balderston,vbalderston2v@tiny.cc,,Female
Laetitia,Jossum,ljossum2w@yale.edu,233.214.85.77,
Gothart,Brundrett,gbrundrett2x@narod.ru,160.225.170.231,Male
Minta,Disman,mdisman2y@ifeng.com,5.224.23.215,Female
Sally,Phoenix,sphoenix2z@redcross.org,178.88.179.53,Non-binary
Piper,Tewes,ptewes30@tmall.com,113.193.186.184,Female
Salomo,Giffin,sgiffin31@ed.gov,81.52.244.77,Male
Alard,Peealess,apeealess32@thetimes.co.uk,,Male
Milicent,Doubleday,mdoubleday33@wikimedia.org,76.242.114.186,Female
Barret,Jodkowski,bjodkowski35@mtv.com,65.7.75.27,Polygender
Adolpho,Summerhayes,asummerhayes36@vkontakte.ru,134.102.41.211,Male
Heinrik,Rowberry,hrowberry37@shutterfly.com,46.211.143.19,Male
Babara,Laurand,blaurand38@mediafire.com,17.217.143.49,Female
Flossie,Lawey,flawey39@icio.us,193.140.141.210,
Augustus,Gobourn,agobourn3a@springer.com,156.173.79.157,Male
Dulcea,Cotterel,dcotterel3c@tripadvisor.com,162.211.209.189,Female
Nicoline,Prose,nprose3d@si.edu,235.108.51.240,Female
Rice,Tatem,rtatem3e@vinaora.com,237.62.141.216,Male
Herta,Duffitt,hduffitt3f@vinaora.com,99.149.21.81,Female
Dennie,Millery,dmillery3g@blogspot.com,73.28.124.54,Female
Hephzibah,Ghidoni,hghidoni3h@cdc.gov,,Bigender
Shurlock,Chagg,schagg3i@joomla.org,,Male
Kali,McAnellye,kmcanellye3j@naver.com,38.241.30.121,Female
Aime,Smithin,asmithin3k@nasa.gov,175.214.108.140,Female
Pat,Rossoni,prossoni3l@yolasite.com,208.157.133.53,Female
Olin,Myring,omyring3m@trellian.com,85.26.157.149,Male
Adolphus,Leavry,aleavry3n@photobucket.com,220.134.251.69,Male
Ferris,Vize,fvize3p@cornell.edu,,Male
Zelda,Banasik,zbanasik3q@1688.com,186.243.74.235,Female
Vidovic,Toombes,vtoombes3r@reverbnation.com,230.200.215.95,Male
Wilmar,Steinham,wsteinham3s@cornell.edu,69.116.162.113,Male
Arleyne,Oldred,aoldred3t@yahoo.com,117.226.91.203,Female
Frazer,Adamini,fadamini3v@ucoz.ru,172.129.145.35,
Sharl,Argyle,sargyle3w@usatoday.com,52.115.14.216,Female
Leigha,Bosche,lbosche3x@gnu.org,135.153.13.27,Female
Carroll,Dawson,cdawson3y@people.com.cn,225.74.169.173,Male
Veronica,Findley,vfindley3z@nba.com,,Female
Dreddy,Ivachyov,divachyov40@weibo.com,239.102.233.151,Female
Bord,Goodered,bgoodered41@europa.eu,182.225.68.132,Polygender
Ryley,Coalburn,rcoalburn42@wired.com,211.167.40.93,Male
Bernadette,McNae,bmcnae43@shutterfly.com,234.190.253.52,Non-binary
Keene,Honacker,khonacker44@nasa.gov,134.148.165.4,Male
Genni,Clifforth,gclifforth45@printfriendly.com,205.218.41.119,
Ofilia,Badger,obadger46@4shared.com,175.74.120.133,Female
Galina,Abelov,gabelov47@rakuten.co.jp,211.186.229.241,Female
Ivy,Fraschini,ifraschini48@live.com,,Female
Legra,Oxbrow,loxbrow4a@ycombinator.com,105.197.56.146,
Devan,Beauly,dbeauly4b@columbia.edu,45.76.118.194,Female
Tades,Falconar,tfalconar4c@barnesandnoble.com,,Male
Anstice,Morehall,amorehall4d@prweb.com,250.57.47.250,
Nestor,Ritchard,nritchard4e@yahoo.com,182.181.129.159,Male
Emmott,Matterface,ematterface4f@livejournal.com,,Male
Nita,Malitrott,nmalitrott4h@list-manage.com,,Genderfluid
Weidar,Gulliford,wgulliford4i@gnu.org,32.181.91.39,Male
Erwin,M'Chirrie,emchirrie4j@ezinearticles.com,187.252.126.77,Male
Perice,Revance,prevance4k@squidoo.com,,Genderqueer
Horatius,Stoffels,hstoffels4l@opensource.org,188.137.120.4,Male
Melisande,Storrah,mstorrah4n@liveinternet.ru,42.220.174.215,Female
Colver,Dericot,cdericot4o@dedecms.com,13.151.109.134,
Trevar,O'Roan,toroan4r@sciencedaily.com,211.241.85.226,
Bat,Robichon,brobichon4t@weather.com,215.77.138.27,Male
Dall,Stenson,dstenson4u@apache.org,251.136.234.117,
Lilith,Annwyl,lannwyl4v@cdc.gov,60.178.156.239,Female
Clarke,Carl,ccarl4w@ucoz.com,,Male
Nettle,Rouby,nrouby4y@tumblr.com,68.89.57.243,Female
Janene,Anniwell,janniwell50@qq.com,115.141.174.223,
Lona,Murra,lmurra51@umich.edu,57.15.244.245,Female
Lotti,Hune,lhune52@about.me,43.133.41.247,
Randee,Mainson,rmainson53@sourceforge.net,103.50.18.69,Female
Lawrence,Prugel,lprugel54@nih.gov,,Male
Donalt,Antunez,dantunez55@usgs.gov,188.106.178.3,Male
Elton,Sadler,esadler57@quantcast.com,42.74.39.82,Male
Packston,McMenamy,pmcmenamy58@reddit.com,22.133.41.169,Bigender
Mario,Gomersal,mgomersal59@miibeian.gov.cn,247.66.160.17,Male
Ellwood,Wayland,ewayland5a@ehow.com,141.15.248.176,Male
Ericha,Basindale,ebasindale5b@bloomberg.com,143.42.66.80,Agender
Perceval,Hallihan,phallihan5c@51.la,206.34.230.250,Male
Lorain,Kordovani,lkordovani5d@rambler.ru,255.221.2.25,Female
Alard,Beckhurst,abeckhurst5e@privacy.gov.au,124.87.241.198,Male
Dalt,Rigney,drigney5f@si.edu,141.108.36.39,Polygender
Sophey,Klimas,sklimas5g@weather.com,152.231.9.52,Female
Worden,Forsdyke,wforsdyke5h@wp.com,11.248.251.137,Male
Orel,Elsworth,oelsworth5i@nps.gov,19.109.117.222,Female
Reeva,Zorzini,rzorzini5j@qq.com,59.149.229.152,Polygender
Earl,Bransden,ebransden5m@360.cn,206.132.50.72,Male
Aylmar,Gallop,agallop5n@nifty.com,97.53.156.24,Male
Lotte,Bisiker,lbisiker5p@salon.com,,Female
Gerianna,Kingswood,gkingswood5q@nih.gov,42.197.34.246,Female
Tim,Schiefersten,tschiefersten5r@sphinn.com,194.121.206.78,Male
Delbert,Spondley,dspondley5s@miibeian.gov.cn,69.161.206.161,Male
Alyosha,Reeday,areeday5t@tinypic.com,210.124.15.213,Male
Janet,Pendleberry,jpendleberry5w@nifty.com,230.83.249.85,Female
Erskine,Veare,eveare5x@bbc.co.uk,,Male
Bianka,O'Currine,bocurrine5y@oracle.com,115.77.18.90,Female
Josias,Challen,jchallen5z@virginia.edu,125.113.207.185,Male
Cathyleen,D'Costa,cdcosta60@exblog.jp,20.194.129.132,Female
Bliss,Keyworth,bkeyworth61@chron.com,116.134.13.239,Female
Sara,Fevers,sfevers62@about.com,175.219.74.9,Female
Ilaire,Sweetzer,isweetzer63@cnbc.com,224.74.112.146,Male
Jud,Reucastle,jreucastle65@scribd.com,81.162.174.64,Male
Lorry,Dominico,ldominico66@mlb.com,37.44.200.8,Male
Margaret,Ledford,mledford69@cmu.edu,,Female
Stace,Gibbin,sgibbin6a@spotify.com,24.78.157.143,Female
Maxi,Rizzelli,mrizzelli6b@unicef.org,101.204.172.239,Female
Astrid,Fitchett,afitchett6c@umn.edu,,Female
Jacquette,Swapp,jswapp6e@paypal.com,152.220.50.253,Female
Ofella,Hunnam,ohunnam6f@yolasite.com,103.152.158.240,Female
Freddie,Datte,fdatte6g@sina.com.cn,197.16.193.202,Female
Merell,Bew,mbew6h@tripod.com,19.157.112.195,Male
Jeanne,Boal,jboal6i@foxnews.com,126.120.181.92,Female
Krisha,Pattullo,kpattullo6j@wisc.edu,132.205.209.158,Male
Merle,Nealey,mnealey6k@yandex.ru,117.96.150.131,Male
Waylen,Klamman,wklamman6l@imageshack.us,199.244.128.218,Male
Grantley,Ilewicz,gilewicz6m@techcrunch.com,6.219.4.95,Male
Alia,Iiannone,aiiannone6n@wikia.com,,Female
Brion,Carbine,bcarbine6o@thetimes.co.uk,162.41.56.21,Male
Devonna,Bitcheno,dbitcheno6p@hc360.com,105.107.28.126,Female
Maxy,Carrivick,mcarrivick6q@imageshack.us,,Male
Carver,Jeyes,cjeyes6r@163.com,,
Cordy,Ekins,cekins6s@about.me,194.186.91.178,Male
Gussie,Beakes,gbeakes6t@cloudflare.com,56.50.93.139,Female
Aryn,Marlin,amarlin6u@about.me,17.139.242.234,Female
Hunt,Douberday,hdouberday6v@phoca.cz,,Male
Taffy,Babar,tbabar6w@live.com,247.247.25.7,Female
Boothe,Lisett,blisett6x@desdev.cn,48.59.80.25,Male
Rozalin,McGowran,rmcgowran6y@drupal.org,27.186.80.69,Female
Leesa,Frentz,lfrentz6z@nature.com,154.165.159.10,Non-binary
Shell,Rowland,srowland70@omniture.com,86.237.25.109,Male
Jodi,Earey,jearey71@arstechnica.com,199.148.131.99,Female
Tracie,Abramof,tabramof73@paginegialle.it,209.242.19.34,Female
Melvin,Frankum,mfrankum74@unblog.fr,96.189.79.32,Male
Pete,Torbard,ptorbard75@webnode.com,207.196.220.219,Male
Antonina,Ewen,aewen76@uol.com.br,,Female
Kissie,Keetch,kkeetch79@theguardian.com,69.126.96.135,Female
Dru,Sirette,dsirette7a@craigslist.org,144.241.30.145,Male
Alvie,Grimmer,agrimmer7b@vimeo.com,251.85.87.131,Male
Martguerita,Maddock,mmaddock7e@slate.com,206.38.198.94,Female
Marti,Weller,mweller7f@dailymotion.com,,Female
Violante,Truckell,vtruckell7g@dmoz.org,56.91.23.190,Female
Eugene,Stallan,estallan7h@dion.ne.jp,113.147.25.30,Male
Clive,Fyfe,cfyfe7i@booking.com,240.77.211.9,Male
Tania,Spendley,tspendley7j@reverbnation.com,247.154.144.82,Female
Ajay,Gringley,agringley7k@sourceforge.net,202.15.249.99,Female
Felicia,Rickman,frickman7l@bandcamp.com,144.223.158.203,Bigender
Stavros,O'Heffernan,soheffernan7m@stanford.edu,200.22.115.189,Male
Veronika,Rawcliffe,vrawcliffe7n@php.net,118.204.43.124,Female
Pinchas,Cordel,pcordel7o@creativecommons.org,37.11.215.11,Male
Karlis,Leband,kleband7p@twitpic.com,212.12.125.89,
Jorrie,Oakenfull,joakenfull7q@oracle.com,238.123.222.216,
Hildegarde,Loudiane,hloudiane7r@typepad.com,188.223.211.66,Female
Lesley,Lumbley,llumbley7s@disqus.com,,Male
Rheta,Osboldstone,rosboldstone7t@umn.edu,91.185.255.46,Female
Natale,Lucien,nlucien7v@auda.org.au,64.6.254.45,Male
Cathie,Tozer,ctozer7w@shareasale.com,67.209.118.183,
Durant,Mecozzi,dmecozzi7x@washingtonpost.com,193.80.147.205,Male
Karina,Khomich,kkhomich7y@hud.gov,121.62.199.111,Female
Mathe,Paulus,mpaulus7z@histats.com,140.246.47.209,Male
Aubrie,Bending,abending81@over-blog.com,138.200.23.48,Female
Charita,Humbert,chumbert82@wufoo.com,52.56.239.191,Female
Ferdy,Zorzin,fzorzin83@squidoo.com,221.210.230.103,Male
Dorree,Skeemer,dskeemer85@ow.ly,251.120.45.75,Female
Raddy,Marunchak,rmarunchak86@aboutads.info,51.10.132.217,Male
Richmound,Chalcroft,rchalcroft87@simplemachines.org,228.80.38.37,Male
Ferd,Espinazo,fespinazo88@hostgator.com,190.77.203.241,Male
Peri,Cumes,pcumes89@nba.com,240.172.85.148,Female
Lanie,Asty,lasty8a@reverbnation.com,255.130.163.55,Female
Feodor,Moulton,fmoulton8b@bloglovin.com,210.142.230.100,Male
Konstance,Frank,kfrank8c@gmpg.org,51.2.119.168,Female
Marcelia,Corbishley,mcorbishley8d@google.com.br,30.14.40.159,Female
Averill,Kilbane,akilbane8e@unicef.org,174.5.68.50,Male
Irita,Orriss,iorriss8f@angelfire.com,148.2.176.94,Genderfluid
Ruddie,Mingame,rmingame8g@youku.com,182.36.213.234,Male
Dacia,Elles,delles8i@quantcast.com,48.248.84.87,Female
Banky,Plessing,bplessing8j@mayoclinic.com,56.98.81.60,Male
Coriss,Kainz,ckainz8k@ucla.edu,83.115.2.51,Female
Joli,Bolduc,jbolduc8n@ucsd.edu,190.81.43.187,
Xena,Besantie,xbesantie8o@google.cn,5.201.101.30,Bigender
Simonne,Govett,sgovett8q@loc.gov,191.121.191.164,Genderqueer
Pam,Spink,pspink8r@ameblo.jp,211.112.188.49,Female
Nadine,Curryer,ncurryer8s@mozilla.com,231.11.64.192,Female
Cortie,Beelby,cbeelby8t@clickbank.net,87.172.83.188,Male
Galen,Milch,gmilch8v@nyu.edu,151.138.178.234,Male
Bernarr,Dudman,bdudman8w@dion.ne.jp,,Male
Dimitri,Manford,dmanford8y@nymag.com,,Male
Tobin,Bryers,tbryers8z@comcast.net,145.128.137.38,Male
Clo,Arnecke,carnecke90@linkedin.com,202.66.67.111,Female
Elfrieda,Killich,ekillich93@virginia.edu,180.153.64.11,Female
Pollyanna,Iacovini,piacovini94@photobucket.com,,Female
Georgetta,Mirfin,gmirfin95@imgur.com,,Agender
Lamond,Dumbare,ldumbare97@noaa.gov,94.101.124.15,Male
Elie,Rout,erout98@indiatimes.com,34.75.64.186,Female
Duff,Pow,dpow99@histats.com,147.177.172.55,Male
Stinky,Smittoune,ssmittoune9a@census.gov,253.75.145.151,Male
Naomi,Kesteven,nkesteven9b@twitter.com,143.181.189.83,Female
Petronilla,Barens,pbarens9c@huffingtonpost.com,131.52.123.109,Female
Annnora,Kildahl,akildahl9d@vkontakte.ru,44.9.165.235,Female
Elvina,Luetkemeyers,eluetkemeyers9e@engadget.com,161.243.214.59,Female
Aryn,Hartrick,ahartrick9g@uiuc.edu,212.151.255.212,Bigender
Hogan,Davidesco,hdavidesco9h@kickstarter.com,162.62.6.80,Polygender
Victor,Grube,vgrube9j@imgur.com,1.62.122.163,Male
Skip,Bohling,sbohling9l@unesco.org,234.231.132.255,Bigender
Kaleb,MacAdam,kmacadam9m@biblegateway.com,,Male
Domenic,Brakewell,dbrakewell9n@wired.com,76.210.126.12,Male
Odessa,Tiesman,otiesman9o@thetimes.co.uk,57.224.98.46,Female
Quinlan,Smeeth,qsmeeth9q@example.com,103.153.44.240,Male
Amara,Hirth,ahirth9s@aol.com,163.145.113.242,Female
Harmonia,Haucke,hhaucke9t@intel.com,168.188.129.122,Female
Darill,Covendon,dcovendon9u@fda.gov,50.207.154.100,Male
Wylie,Gunby,wgunby9w@indiatimes.com,94.212.207.225,Male
Sheridan,Lapthorne,slapthorne9x@columbia.edu,77.23.32.144,Male
Brinn,Breeton,bbreeton9z@opensource.org,121.152.85.223,Female
Blondie,Gorler,bgorlera0@abc.net.au,215.231.250.68,Female
Roshelle,Haberjam,rhaberjama1@usnews.com,112.134.225.113,Female
Thoma,Lefeuvre,tlefeuvrea2@cnbc.com,229.161.178.144,Male
Tomaso,Bunclark,tbunclarka4@google.pl,60.42.189.76,Male
Eugenio,Coppens,ecoppensa5@amazon.de,,Male
Torey,Gopsill,tgopsilla6@wired.com,140.162.150.34,Female
Gabi,Hardinge,ghardingea7@gov.uk,131.80.252.141,Male
Gabriel,Paolo,gpaoloa9@cnet.com,,Female
Gwendolyn,Proven,gprovenaa@columbia.edu,197.199.157.102,Female
Rinaldo,Penhearow,rpenhearowab@typepad.com,60.165.133.96,Male
Hilly,Mendoza,hmendozaac@prlog.org,204.240.148.109,Male
Geneva,Streak,gstreakad@hud.gov,235.174.174.6,Female
Gwenora,Edgin,gedginae@tripod.com,,Genderfluid
Candida,Jerman,cjermanaf@jugem.jp,172.119.32.235,Female
Allister,Pady,apadyag@ning.com,164.99.146.145,Male
Layney,Derisley,lderisleyah@angelfire.com,166.42.236.93,
Augustin,Pocklington,apocklingtonai@twitpic.com,230.151.120.242,Male
Friedrick,Sommerton,fsommertonaj@cargocollective.com,164.0.8.234,Male
Henry,Dudny,hdudnyak@jiathis.com,243.211.217.124,Male
Anson,Pearce,apearceal@vk.com,28.29.91.118,Male
Cary,Eccleston,cecclestonam@stanford.edu,219.223.154.54,Male
Nathanil,Darbon,ndarbonar@joomla.org,157.165.160.6,Male
Heindrick,Weafer,hweaferas@msu.edu,8.127.195.191,Agender
Fernandina,D'Alwis,fdalwisat@wikia.com,204.33.105.50,Female
Ferdy,Kyberd,fkyberdau@ucsd.edu,6.16.193.131,Male
Binny,Bows,bbowsav@gravatar.com,85.37.220.99,Female
Ariella,Calvert,acalvertaw@dot.gov,108.42.91.101,Female
Becka,Sedgmond,bsedgmonday@nhs.uk,,Female
Kriste,Stienham,kstienhamaz@nhs.uk,236.203.136.153,Female
Dania,Brogden,dbrogdenb0@ftc.gov,102.126.174.46,Female
Gianni,Dorning,gdorningb1@gmpg.org,77.159.243.19,Male
Armando,Evason,aevasonb2@blogger.com,233.236.159.170,Male
Charley,Blunderfield,cblunderfieldb3@google.com.br,254.5.224.37,Male
Finlay,Gye,fgyeb4@thetimes.co.uk,,Male
Pepi,Scala,pscalab5@senate.gov,74.61.228.118,Female
Jamison,Brellin,jbrellinb6@loc.gov,227.164.14.239,Male
Caro,Shand,cshandb7@blogs.com,91.169.53.24,Female
Averill,Rawe,araweb8@berkeley.edu,152.70.140.1,Genderfluid
Paquito,Bebbell,pbebbellb9@flavors.me,230.90.198.153,
Johnathon,Halford,jhalfordba@illinois.edu,2.71.31.136,Polygender
Amandy,Lowden,alowdenbb@imdb.com,5.248.128.112,Female
Sigmund,McCleary,smcclearybc@sbwire.com,224.108.133.217,Male
Ignaz,Claiton,iclaitonbd@sfgate.com,104.139.110.96,Male
Ardella,Lockhart,alockhartbe@instagram.com,177.126.51.126,Female
Bryn,Coady,bcoadybf@friendfeed.com,78.195.98.104,Male
Edan,Spenton,espentonbg@yandex.ru,161.211.131.235,
Elinor,Reggiani,ereggianibh@imgur.com,208.187.164.9,Female
Wallis,Balderston,wbalderstonbi@apache.org,65.127.26.224,Male
Brook,Montel,bmontelbj@blogspot.com,39.253.153.105,Female
Cheryl,Fittes,cfittesbl@ted.com,65.148.172.27,Female
Godfree,Abby,gabbybm@topsy.com,70.68.2.161,Male
Harwell,Takkos,htakkosbn@boston.com,52.130.66.30,Male
Violante,Mostyn,vmostynbo@bbb.org,47.215.156.167,Female
Geoffrey,Johnsey,gjohnseybp@bloglines.com,169.225.194.255,Male
Blakeley,Shallo,bshallobq@msu.edu,49.108.195.101,Female
Ludvig,Carlsen,lcarlsenbr@newyorker.com,96.100.112.22,
Claudio,Farady,cfaradybs@bravesites.com,0.145.43.176,Male
Neill,Peach,npeachbt@vinaora.com,130.112.117.42,Genderfluid
Nevil,Booker,nbookerbu@wikia.com,247.240.63.242,Male
Maryjane,Waymont,mwaymontbv@usnews.com,186.35.206.111,Female
Sophia,Lamberth,slamberthbw@epa.gov,113.71.77.248,Genderfluid
Sophia,Jarrard,sjarrardbx@house.gov,61.50.150.164,Genderqueer
Demetria,De Haven,ddehavenby@nih.gov,30.145.194.239,Female
Toma,Redwood,tredwoodbz@live.com,232.19.251.186,Female
Brandy,Jenne,bjennec0@bloomberg.com,32.228.130.60,Male
Shane,Culleton,sculletonc1@tuttocitta.it,64.86.130.97,Female
Buckie,Newtown,bnewtownc3@mashable.com,225.83.91.246,Male
Pyotr,De Witt,pdewittc4@mashable.com,60.142.213.30,Male
Margarette,Fust,mfustc5@hao123.com,57.101.120.249,Female
Bonnie,Bleier,bbleierc6@ezinearticles.com,23.133.141.224,Female
Brose,Terlinden,bterlindenc7@goodreads.com,,Male
Hayden,Lawrance,hlawrancec9@upenn.edu,253.248.172.43,Male
Corella,Gullen,cgullenca@cpanel.net,50.137.91.33,Non-binary
Dulcinea,Iorillo,diorillocc@narod.ru,156.164.158.209,Female
Gerri,Stayt,gstaytcd@cdbaby.com,74.11.175.217,Genderfluid
Aurthur,Linggard,alinggardce@slideshare.net,45.10.91.81,Male
Tucky,Clowton,tclowtoncf@arizona.edu,238.104.157.73,Male
Gary,Dzeniskevich,gdzeniskevichcg@washingtonpost.com,222.82.123.232,Male
Michele,Gatecliffe,mgatecliffech@businessweek.com,221.25.245.59,Male
Henrik,Spurier,hspurierci@paypal.com,220.125.23.84,Male
Christoffer,Lieb,cliebcj@meetup.com,94.4.117.146,Male
Bree,Henstridge,bhenstridgeck@ca.gov,110.18.54.151,Polygender
Morrie,Broome,mbroomecl@biglobe.ne.jp,133.163.157.204,Genderqueer
Barnaby,Yurov,byurovcm@utexas.edu,60.135.11.147,Male
Aarika,Edgcombe,aedgcombecn@nba.com,204.124.207.13,Female
Orran,Yankov,oyankovcp@ustream.tv,,Male
Virgilio,Milberry,vmilberrycq@e-recht24.de,45.17.69.36,Male
Dennison,Flawith,dflawithcr@umn.edu,,Male
Reinwald,Cavanaugh,rcavanaughcs@ft.com,142.220.127.216,Male
Kerrin,Jarrard,kjarrardct@telegraph.co.uk,218.93.236.57,Female
Miran,MacCafferky,mmaccafferkycu@ask.com,123.250.180.99,Female
Suzette,Havis,shaviscv@purevolume.com,194.189.190.134,Female
Elliott,Embra,eembracw@toplist.cz,54.244.135.80,Male
Gilberto,Bergstram,gbergstramcx@unc.edu,69.228.101.199,Male
Wendye,Hastings,whastingscy@ucoz.com,110.116.154.157,Female
Edouard,Byford,ebyfordcz@tamu.edu,228.57.194.46,Genderqueer
Bartholomew,Borrett,bborrettd1@wordpress.com,33.20.142.113,Male
Felicio,Corbould,fcorbouldd2@fc2.com,,Male
Chrysa,Janic,cjanicd3@patch.com,41.187.185.149,
Ram,Sitch,rsitchd4@yahoo.com,237.163.161.132,Male
Frieda,Holton,fholtond5@joomla.org,38.184.163.252,Female
Charmian,Meth,cmethd6@indiatimes.com,31.144.245.40,Female
Andre,Filippazzo,afilippazzod7@1und1.de,237.199.174.18,Male
Gertruda,Willshere,gwillshered8@fastcompany.com,78.167.155.17,Female
Mohandas,Ellwood,mellwoodd9@tumblr.com,157.199.217.67,Male
Rozina,Craufurd,rcraufurdda@nyu.edu,90.1.57.208,Female
Donielle,Cattel,dcatteldb@hubpages.com,104.127.79.152,Female
Kelsy,Piele,kpieledc@nationalgeographic.com,205.113.49.149,Female
Claudell,Shefton,csheftondd@ca.gov,234.106.183.65,Male
Ephraim,Hanssmann,ehanssmannde@hao123.com,23.62.35.235,Male
Eloise,Pordal,epordaldf@bizjournals.com,,Female
Caitlin,Bankes,cbankesdg@multiply.com,92.16.147.149,Female
Kristofer,Winwright,kwinwrightdh@irs.gov,155.202.207.72,Male
Valaree,Marzello,vmarzellodi@virginia.edu,170.95.128.135,Female
Ringo,Stellin,rstellindj@bigcartel.com,233.222.249.103,Male
Marina,Itzhayek,mitzhayekdk@tumblr.com,110.75.37.190,Agender
Claybourne,Exley,cexleydl@soup.io,36.168.167.49,Male
Heywood,Turbitt,hturbittdm@illinois.edu,145.122.52.127,Male
Moll,Shoemark,mshoemarkdo@tuttocitta.it,7.35.218.215,Female
Raine,Veltman,rveltmandp@hugedomains.com,,Female
Missie,Radin,mradindq@hibu.com,16.144.207.200,Female
Bradly,Tott,btottdr@mayoclinic.com,40.96.139.36,Male
Meagan,Sprigin,mspriginds@dot.gov,58.93.178.102,Female
Rozele,McCready,rmccreadydt@networksolutions.com,242.107.15.79,Genderfluid
Auguste,Telling,atellingdu@wufoo.com,,Female
Erwin,Brimner,ebrimnerdv@google.fr,20.86.44.16,Male
Valle,Hadenton,vhadentondw@oaic.gov.au,126.183.239.9,Male
Eldridge,Opfer,eopferdx@admin.ch,90.85.217.3,Male
Kalinda,Betjes,kbetjesdy@rambler.ru,158.61.180.104,Female
Leonard,Harms,lharmsdz@answers.com,222.46.128.1,Male
Boothe,Dunk,bdunke2@webmd.com,131.186.170.142,Male
Keefe,Straneo,kstraneoe3@istockphoto.com,53.49.119.178,Male
Gothart,Coger,gcogere6@storify.com,145.49.232.146,Genderfluid
Hephzibah,Ewens,hewense7@indiatimes.com,206.237.174.45,Female
Filmer,Darkott,fdarkotte8@qq.com,29.242.151.64,Male
Lethia,Gayforth,lgayforthe9@alibaba.com,105.20.180.40,Female
Artair,Priddis,apriddisea@yellowbook.com,141.129.212.101,Male
Hank,Binch,hbinchec@sogou.com,157.215.123.241,Male
Sloan,Cordery,scorderyed@gov.uk,39.203.88.54,Male
Griff,Loghan,gloghanee@gmpg.org,159.134.91.107,
Rolf,Pechard,rpechardef@de.vu,33.189.211.49,Male
Wanids,Goodinge,wgoodingeeh@mtv.com,246.120.243.43,Bigender
Becca,Drinkall,bdrinkallei@360.cn,99.10.10.208,Female
Dulcia,Fee,dfeeek@so-net.ne.jp,22.106.160.143,Female
Marj,Hartup,mhartupel@e-recht24.de,14.179.155.223,Female
Dick,Bougen,dbougenem@craigslist.org,204.254.244.165,
Neall,Martell,nmartellen@oakley.com,225.96.151.237,Male
Honey,Messenbird,hmessenbirdeo@guardian.co.uk,185.103.185.159,Female
Hillery,Breeze,hbreezeep@jimdo.com,,Polygender
Lizabeth,MacGorrie,lmacgorrieeq@list-manage.com,21.111.108.240,Female
Benyamin,McClelland,bmcclellander@geocities.com,,Male
Hilda,Dewsnap,hdewsnapes@arstechnica.com,187.189.22.208,Female
Benita,Oliffe,boliffeet@cafepress.com,141.233.222.244,Female
Almeda,Bellchamber,abellchambereu@cloudflare.com,56.31.255.190,Female
Donovan,Dongate,ddongateev@bluehost.com,229.233.65.196,Male
Marietta,Killeen,mkilleenew@goodreads.com,,Male
Dolley,Beaton,dbeatonex@aboutads.info,55.5.16.111,Female
Mortie,Monier,mmonierey@oracle.com,242.204.68.167,Male
Portie,Braffington,pbraffingtonez@jalbum.net,,Male
Petronille,Mamwell,pmamwellf0@noaa.gov,14.231.29.85,Female
Gwenette,Botha,gbothaf1@spotify.com,226.147.188.213,Female
Leonard,Laherty,llahertyf3@reuters.com,,Male
Darrell,Dunckley,ddunckleyf5@mapy.cz,,Male
Chaddie,Emm,cemmf6@imgur.com,11.157.65.47,Male
Colline,Abrahamson,cabrahamsonf7@fotki.com,3.181.72.238,Female
Spencer,Measey,smeaseyf8@yahoo.com,223.252.133.202,
Chance,O'Sharkey,cosharkeyf9@hostgator.com,255.225.123.6,Male
Kasper,Bramham,kbramhamfa@tinypic.com,209.101.86.62,Male
Casey,Cosbey,ccosbeyfb@lulu.com,126.73.39.224,Female
Evanne,Hawthorne,ehawthornefc@themeforest.net,,Female
Jeffry,Jensen,jjensenfd@ted.com,141.158.241.132,Male
Lionello,Bearblock,lbearblockfe@timesonline.co.uk,239.226.176.104,Male
Elaina,Shernock,eshernockff@redcross.org,20.202.159.52,Female
Cooper,Linne,clinnefg@people.com.cn,,Male
Gusty,Lethbrig,glethbrigfh@japanpost.jp,104.209.5.34,Female
Emeline,Petti,epettifi@smugmug.com,70.95.206.90,Female
Cari,Grabham,cgrabhamfk@timesonline.co.uk,224.141.67.21,Female
Phedra,Kless,pklessfl@vinaora.com,225.147.176.116,Female
Terrill,Bringloe,tbringloefm@ustream.tv,10.89.217.133,Male
Aindrea,Rosenwasser,arosenwasserfn@amazon.co.uk,151.56.89.237,Female
Algernon,Draxford,adraxfordfo@hp.com,48.186.194.65,Male
Poppy,Schwant,pschwantfr@goodreads.com,1.205.196.62,Female
Bernadine,Ebbs,bebbsfs@arstechnica.com,78.243.56.140,Bigender
Tiffany,Winder,twinderft@pen.io,0.139.25.92,Female
Fin,Bresner,fbresnerfu@photobucket.com,174.223.81.156,Male
Ezra,Dongall,edongallfv@google.cn,133.124.248.181,Male
Barb,Petran,bpetranfx@loc.gov,235.17.243.154,Female
Louis,Enriques,lenriquesfy@canalblog.com,241.158.103.215,Male
Filia,Towell,ftowellfz@mysql.com,232.84.122.121,Female
Tedda,Grishunin,tgrishuning0@fotki.com,58.81.121.193,Genderfluid
Price,Sedworth,psedworthg1@webmd.com,,Male
Benedetta,Juppe,bjuppeg2@booking.com,45.90.89.82,Female
Theo,Kenny,tkennyg3@networksolutions.com,77.100.43.233,Female
Bearnard,Nelsey,bnelseyg4@google.com.hk,230.75.168.49,Male
Elonore,Marcinkowski,emarcinkowskig5@pcworld.com,74.96.138.195,Genderfluid
Emmalyn,Janny,ejannyg6@gizmodo.com,66.226.129.191,Female
Clayborn,Bartlomiej,cbartlomiejg7@senate.gov,113.189.240.94,Male
Louisette,Slayford,lslayfordg8@csmonitor.com,245.99.48.86,Female
Boyce,McGinlay,bmcginlayg9@topsy.com,238.75.73.71,Male
Jimmie,Limming,jlimmingga@indiegogo.com,36.106.227.171,Male
Wake,Milliere,wmillieregb@nifty.com,112.162.0.220,Male
Alan,Behling,abehlinggc@ameblo.jp,191.54.55.108,Male
Derrik,Shurville,dshurvillegd@sphinn.com,150.159.55.226,Male
Walliw,Duquesnay,wduquesnayge@cocolog-nifty.com,,Female
Glory,Mottershead,gmottersheadgf@de.vu,61.194.129.114,Female
Talya,Peddel,tpeddelgg@163.com,81.160.51.182,Bigender
Donella,Coen,dcoengi@wix.com,247.59.172.168,
Darryl,Empleton,dempletongl@google.ru,29.244.147.105,Male
Claresta,Wyd,cwydgm@google.co.uk,19.98.182.21,Female
Dean,Bullent,dbullentgn@paginegialle.it,190.7.24.169,Agender
Stephan,MacGilpatrick,smacgilpatrickgo@github.com,,Male
Stevy,Giordano,sgiordanogp@google.cn,146.241.183.144,Male
Xylina,Gwilliams,xgwilliamsgr@soundcloud.com,24.243.64.130,Female
Rafe,Pheasey,rpheaseygs@techcrunch.com,0.36.214.155,Male
Giacobo,Gierck,ggierckgu@newsvine.com,29.27.235.61,Male
Betteann,Fere,bferegv@reverbnation.com,200.226.182.79,
Ferrel,Ambage,fambagegw@washingtonpost.com,138.4.230.133,Male
Tammara,Jarrett,tjarrettgx@friendfeed.com,2.159.200.41,Female
Mikkel,Loch,mlochgy@parallels.com,22.209.152.3,Male
Elliott,Gahagan,egahagangz@go.com,153.115.249.166,
Thorstein,Hemmingway,themmingwayh0@nhs.uk,187.189.57.77,Male
Angelika,Chilcott,achilcotth2@fema.gov,216.95.26.124,Female
Kaspar,Mc Ilory,kmciloryh3@engadget.com,,Male
Whit,Roset,wroseth4@patch.com,236.155.251.20,Male
Dougy,Milella,dmilellah5@typepad.com,119.85.108.125,Male
Jedd,Hadden,jhaddenh6@skype.com,,
Budd,Lasselle,blasselleh7@dyndns.org,188.133.201.60,Male
Marion,McKeller,mmckellerh8@dedecms.com,34.127.44.146,
Denver,Laxston,dlaxstonh9@mit.edu,49.240.114.47,Male
Andonis,Duinbleton,aduinbletonha@howstuffworks.com,99.154.73.61,
Penny,Pullar,ppullarhd@google.ru,95.33.180.107,Female
Skipton,Ulrik,sulrikhe@myspace.com,14.79.228.242,Male
Dory,Payle,dpaylehf@google.cn,5.206.72.223,Female
Rafaello,Bankhurst,rbankhursthg@pinterest.com,198.141.164.234,
Pierrette,Wilcocke,pwilcockehh@tinyurl.com,179.69.123.105,
Alvin,Simenon,asimenonhi@home.pl,230.187.0.138,Male
Curry,Foxworthy,cfoxworthyhj@cnet.com,,Male
Honoria,Orviss,horvisshk@mtv.com,157.12.10.216,Female
Woodrow,Carp,wcarphl@diigo.com,,Male
Merry,Simonot,msimonothm@cbslocal.com,246.100.194.194,
Maurine,White,mwhitehn@livejournal.com,162.89.244.182,Female
Kaspar,Dislee,kdisleeho@timesonline.co.uk,114.242.14.116,Male
Mylo,Alvarado,malvaradohp@samsung.com,13.238.255.239,Male
Thorstein,Conyers,tconyershq@yahoo.co.jp,185.182.200.113,Male
Tasia,Lafflin,tlafflinhr@flavors.me,229.69.81.27,Female
Renado,Martijn,rmartijnht@bloglines.com,,Male
Winne,Ayris,wayrishu@over-blog.com,120.138.77.88,Female
Ludwig,Sharpless,lsharplesshv@seattletimes.com,216.97.0.243,Male
Tedd,Mellows,tmellowshw@hatena.ne.jp,114.77.205.74,Male
Orelle,Mease,omeasehx@dot.gov,46.149.107.205,
Karylin,Foulser,kfoulserhy@pcworld.com,47.255.38.234,Female
Guinevere,Moret,gmoreti0@irs.gov,149.216.164.249,Female
Jacquenetta,Scotchford,jscotchfordi1@scribd.com,151.42.145.142,Female
Mommy,Lambdin,mlambdini2@yahoo.co.jp,74.185.181.19,Female
Roxanna,Schuricht,rschurichti3@google.cn,98.208.149.163,Female
Worden,Grinyakin,wgrinyakini4@opensource.org,180.97.201.99,Male
Vicky,Millier,vmillieri5@elpais.com,77.203.118.184,Female
Allis,Moodycliffe,amoodycliffei6@goo.ne.jp,18.174.247.28,Female
Wittie,Garnsworthy,wgarnsworthyi7@ca.gov,,Male
Gael,Losty,glostyi8@shop-pro.jp,117.92.228.5,Male
Saundra,Dinneges,sdinnegesi9@fda.gov,105.211.181.225,Male
Kurt,Pedrocchi,kpedrocchiib@cafepress.com,36.213.126.76,Polygender
Delmor,Vannikov,dvannikovic@webmd.com,143.193.210.66,Male
Virgie,Dartnall,vdartnallid@pagesperso-orange.fr,243.26.140.251,Male
Daloris,Coom,dcoomig@vistaprint.com,216.0.220.139,Female
Florenza,Kitcatt,fkitcattih@eepurl.com,209.252.4.135,Female
Paula,Isaksen,pisaksenii@oaic.gov.au,36.82.151.232,Female
Francklin,Menci,fmenciij@w3.org,202.189.249.1,Male
Saraann,Labbey,slabbeyik@ed.gov,,Female
Ericha,Mountfort,emountfortil@addtoany.com,73.145.51.242,Female
Price,Garrood,pgarroodim@twitter.com,123.50.83.165,Non-binary
Natasha,Althorp,nalthorpin@wikia.com,23.87.229.155,Female
Annabella,Phinn,aphinnio@livejournal.com,25.165.21.15,Female
Abigail,Jacobsen,ajacobsenip@nsw.gov.au,100.182.195.169,Female
Sher,Pugh,spughir@shop-pro.jp,137.40.112.202,Female
Jacinda,Lickess,jlickessis@digg.com,49.230.241.69,Female
Juliette,Moth,jmothit@bbc.co.uk,193.251.215.72,
Skipper,Urien,surieniu@bbb.org,97.123.189.118,Bigender
Lottie,Taylour,ltaylouriv@gov.uk,147.64.214.244,Female
Gunner,Raw,grawiw@samsung.com,224.175.183.246,Male
Caprice,Robet,crobetix@ezinearticles.com,,Female
Dawna,Jeune,djeuneiz@unesco.org,224.8.35.125,Bigender
Junie,Dondon,jdondonj0@wufoo.com,,Female
Orelie,McGarel,omcgarelj1@independent.co.uk,,Female
Adolphus,Bartolijn,abartolijnj2@sakura.ne.jp,,Genderfluid
Ariela,Slocum,aslocumj3@dailymail.co.uk,,Female
Annemarie,Farmery,afarmeryj4@myspace.com,1.250.43.252,Female
Jerrie,Kinzel,jkinzelj5@weebly.com,,Male
Jamal,Hartin,jhartinj6@rediff.com,,Male
Arvie,MacCartair,amaccartairj8@cornell.edu,68.179.247.27,Male
Zacherie,Cansfield,zcansfieldj9@lulu.com,90.60.183.194,Male
Selestina,Dexter,sdexterja@symantec.com,97.187.69.54,Female
Doralia,Phillps,dphillpsjb@engadget.com,119.17.106.153,
Debbi,Melpuss,dmelpussjc@patch.com,97.8.115.19,Female
Helen-elizabeth,Rock,hrockjd@cam.ac.uk,201.103.184.126,Female
Zeb,De Lisle,zdelislejf@netscape.com,145.199.46.32,Male
Elle,Lissimore,elissimorejg@vimeo.com,236.255.214.154,Female
Maisey,Lias,mliasjh@facebook.com,78.251.82.207,Female
Ware,Dymick,wdymickji@netvibes.com,11.133.17.45,Male
Regina,Shepheard,rshepheardjj@berkeley.edu,169.109.133.163,
Elwyn,Hampe,ehampejk@yahoo.com,225.135.32.40,Male
Carmon,Kobel,ckobeljl@dion.ne.jp,96.38.119.83,Female
Bryna,Nabbs,bnabbsjm@phpbb.com,73.18.252.92,Female
Linzy,Miell,lmielljo@hugedomains.com,,Non-binary
Devan,Edrich,dedrichjp@java.com,165.5.121.229,Female
Hildagarde,Culp,hculpjq@washingtonpost.com,8.175.162.98,Female
Hilliard,Vurley,hvurleyjr@cbslocal.com,155.114.213.62,Agender
Bradley,O'Rafferty,boraffertyjt@virginia.edu,46.85.121.213,
Misti,Thew,mthewju@dmoz.org,109.43.198.112,Female
Abran,Dutson,adutsonjv@cnn.com,7.33.116.153,Male
Rooney,Jeger,rjegerjw@usatoday.com,,
Ibby,Pallin,ipallinjx@cdbaby.com,220.231.173.2,Female
Avictor,Skellon,askellonjy@ed.gov,5.233.11.97,Male
Normie,Parratt,nparrattjz@dell.com,98.105.111.141,Male
Thorny,Pietri,tpietrik0@gravatar.com,188.173.255.167,Male
Alick,Fairfull,afairfullk1@edublogs.org,163.238.185.94,Male
Jimmy,Pattingson,jpattingsonk2@amazon.co.uk,88.160.151.23,Genderfluid
Silvio,Kimmerling,skimmerlingk3@usa.gov,67.224.166.81,Male
Gillian,de Clerc,gdeclerck4@fastcompany.com,128.241.218.133,Female
Cynthie,Surby,csurbyk6@shop-pro.jp,76.100.218.232,Female
Joete,Jagoe,jjagoek7@businesswire.com,232.237.233.166,Female
Fraser,Dyke,fdykek8@umn.edu,142.227.170.6,Male
Susette,Pervoe,spervoek9@desdev.cn,51.151.217.186,Female
Hasheem,Windibank,hwindibankka@nps.gov,108.250.110.227,Male
Beck,Gurry,bgurrykb@baidu.com,133.124.220.66,
Nedi,Scotford,nscotfordkc@time.com,31.56.215.245,Female
Cymbre,Comusso,ccomussokd@nature.com,219.25.30.181,Female
Kennith,Bynert,kbynertke@nsw.gov.au,152.56.185.217,Male
Konstanze,Clarabut,kclarabutkg@google.com,40.68.107.119,Female
Benjie,Proback,bprobackki@list-manage.com,2.15.88.58,Male
Hedwig,Vanderplas,hvanderplaskj@gravatar.com,12.238.200.58,Female
Umberto,Tappor,utapporkk@xrea.com,,Male
Lyndel,Fotitt,lfotittkm@51.la,152.197.60.123,Genderfluid
Ardenia,Plume,aplumekn@canalblog.com,145.105.196.84,Female
Caralie,Gregor,cgregorko@aol.com,70.8.38.173,Female
Laryssa,Alexandre,lalexandrekp@amazon.co.jp,97.225.93.134,Female
Pace,Jozefczak,pjozefczakkq@google.com,139.117.123.172,
Beverly,Zanelli,bzanellikr@bluehost.com,200.114.61.198,Female
Byrann,Czaja,bczajaks@pbs.org,193.101.153.68,Male
Yurik,O'Calleran,yocallerankt@state.tx.us,,Male
Selina,Foottit,sfoottitku@phoca.cz,180.210.168.100,Female
Kristoforo,Perkis,kperkiskv@cornell.edu,138.249.201.10,Male
Vina,Densham,vdenshamkw@squidoo.com,,Genderfluid
Hewett,Tongs,htongskx@sakura.ne.jp,235.1.9.83,Male
Joachim,Duny,jdunyky@auda.org.au,63.50.46.115,Male
Renate,Sympson,rsympsonkz@oracle.com,72.155.216.63,Female
Ariel,Evison,aevisonl0@vinaora.com,0.63.90.142,Male
Annora,Spurdens,aspurdensl1@baidu.com,,Female
Sayer,Rouchy,srouchyl2@t-online.de,88.184.42.245,Male
Roxana,O'Lennachain,rolennachainl3@businessweek.com,29.224.124.84,Female
Jonie,Petrasek,jpetrasekl4@bbc.co.uk,201.247.29.237,Female
Byrom,Fillan,bfillanl6@linkedin.com,34.48.157.42,Polygender
Colin,Stelfox,cstelfoxl7@usda.gov,189.26.244.50,Male
Nap,Coulton,ncoultonl8@mashable.com,17.63.83.166,Male
Jimmie,Klaas,jklaasl9@youku.com,61.11.125.18,Male
Wesley,Cavell,wcavellla@artisteer.com,135.14.135.242,Agender
Marin,Skeats,mskeatslb@unc.edu,95.141.252.96,Female
Flore,Mettericke,fmetterickeld@paginegialle.it,,Female
Miltie,Paute,mpautele@who.int,,Male
Amelie,O'Sharkey,aosharkeylf@smh.com.au,61.190.70.235,Female
Briggs,Yakubovics,byakubovicslg@businesswire.com,,Male
Vail,Burehill,vburehilllh@vk.com,49.203.172.173,Male
Galvan,Dowbekin,gdowbekinli@lycos.com,204.25.29.81,Male
Law,Piddock,lpiddocklj@about.me,124.197.121.43,Male
Dennie,Abyss,dabysslk@amazonaws.com,95.254.245.173,Male
Suellen,Hachard,shachardll@va.gov,,Agender
Karim,McCarlich,kmccarlichlm@twitter.com,13.59.125.196,Male
Ross,Gourley,rgourleyln@domainmarket.com,51.154.129.31,Male
Mitchell,Bianco,mbiancolo@dyndns.org,36.29.243.185,Male
Kimble,Wynne,kwynnelp@typepad.com,205.216.131.73,Male
Udell,Ollett,uollettlr@hugedomains.com,105.168.246.231,Male
Reynard,Esp,respls@apache.org,29.62.197.85,Male
Winonah,Davidi,wdavidilt@businessinsider.com,29.71.207.58,
Llywellyn,Piccop,lpiccoplv@webeden.co.uk,,
Fannie,MacTerrelly,fmacterrellylw@unesco.org,,Female
Cirstoforo,Spykins,cspykinsm0@discovery.com,27.0.194.53,Male
Jock,Storry,jstorrym2@theglobeandmail.com,30.46.112.71,Male
Nevsa,Poxton,npoxtonm3@storify.com,169.144.78.99,Female
Dilan,Clamp,dclampm4@paginegialle.it,43.216.70.132,Male
Dorisa,Worshall,dworshallm5@shutterfly.com,,Female
Noah,Belshaw,nbelshawm6@slate.com,193.84.145.61,Male
Trevor,Pinck,tpinckm7@google.ca,109.248.51.220,
Carlie,Jamot,cjamotma@seesaa.net,103.198.113.179,Male
Cammie,Road,croadmb@blogger.com,123.107.63.252,Female
Beth,Rayner,braynermc@dagondesign.com,66.162.87.28,
Hewe,Stansall,hstansallme@symantec.com,,Male
Davide,Boggers,dboggersmf@usa.gov,,Agender
Amanda,Beardwood,abeardwoodmg@xing.com,97.49.28.59,Female
Fiona,Holme,fholmemh@vimeo.com,156.213.151.13,Female
Antonina,Hatfield,ahatfieldmj@ihg.com,157.15.53.81,Female
Gusti,Rapier,grapiermk@npr.org,218.27.137.254,Non-binary
Chilton,Torri,ctorriml@sina.com.cn,,Agender
Ase,Genn,agennmm@edublogs.org,,Male
Jane,Glacken,jglackenmn@uiuc.edu,151.78.82.38,Female
Marquita,Phillipps,mphillippsmo@china.com.cn,194.48.220.124,Female
Mercy,Phelipeaux,mphelipeauxmp@webnode.com,157.222.18.131,Female
Gifford,Southway,gsouthwaymq@google.ru,161.228.43.51,Male
Dulcy,Ecclestone,decclestonemr@people.com.cn,191.132.241.14,Female
Dorice,Gumby,dgumbyms@soup.io,,Polygender
Dermot,Muscat,dmuscatmt@google.es,87.115.36.96,Male
Lara,Bamford,lbamfordmu@google.com,150.20.255.110,Female
Charmion,Stooke,cstookemv@seattletimes.com,221.240.22.205,Female
Estel,Aitkin,eaitkinmw@github.io,,Female
Ellerey,Whitney,ewhitneymx@taobao.com,126.38.125.247,Male
Bing,Mollen,bmollenmy@irs.gov,211.111.145.61,Male
Brittney,Langcastle,blangcastlemz@craigslist.org,149.22.142.162,Female
Karee,Pessel,kpesseln1@time.com,175.218.14.22,Female
Kip,Petford,kpetfordn2@latimes.com,48.163.154.62,Female
Hewe,Pawnsford,hpawnsfordn3@abc.net.au,155.154.64.76,Male
Giffie,Bedell,gbedelln4@newyorker.com,208.165.210.82,Male
Nelle,Bartram,nbartramn6@nature.com,135.35.67.92,Female
Lisabeth,Orring,lorringn7@istockphoto.com,175.87.165.95,Female
Ardeen,Lente,alenten9@bbc.co.uk,186.113.100.187,Female
Jackelyn,Baterip,jbateripna@delicious.com,153.137.83.132,
Marylee,Perrigo,mperrigonb@eventbrite.com,39.136.70.60,Female
Corissa,Castagneri,ccastagnerinc@berkeley.edu,63.217.191.58,Female
Crysta,Glazebrook,cglazebrooknd@ow.ly,,Female
Cherish,Densun,cdensunng@privacy.gov.au,138.10.91.53,Polygender
Nico,Cuolahan,ncuolahannh@telegraph.co.uk,23.14.143.16,
Boony,Arnaud,barnaudni@pen.io,8.199.238.122,Genderfluid
Putnem,Chiese,pchiesenj@odnoklassniki.ru,,Male
Noelyn,Jentle,njentlenk@nbcnews.com,207.71.190.16,Genderqueer
Stu,Haskew,shaskewnl@github.com,51.18.2.142,Male
Blondy,Bootes,bbootesnm@clickbank.net,179.229.143.183,Female
Rickey,Jiggle,rjigglenn@seattletimes.com,198.39.68.246,Male
Udale,Gage,ugageno@dailymotion.com,128.232.188.211,Male
Pepe,Castagne,pcastagnenp@discovery.com,139.219.94.24,Male
Christiano,Mabone,cmabonenq@cornell.edu,160.203.65.9,Genderfluid
Kristen,Akett,kakettns@cargocollective.com,235.151.69.9,Female
Flor,Rangall,frangallnu@xinhuanet.com,10.64.126.241,Female
Rudolfo,Girauld,rgirauldnv@com.com,221.14.130.192,Male
Forrest,Lamboll,flambollnw@economist.com,57.181.208.21,Male
Blakelee,Streeting,bstreetingnx@unicef.org,80.6.126.210,Genderqueer
Gale,Bolsover,gbolsovernz@photobucket.com,125.160.47.158,Female
Lyell,Burtonshaw,lburtonshawo1@webs.com,14.200.4.41,Male
Burlie,Phoenix,bphoenixo2@quantcast.com,113.128.217.64,
Terry,Goggan,tgoggano3@cdbaby.com,32.55.202.204,Male
Tansy,Lippini,tlippinio4@wp.com,254.180.222.119,Female
Yule,MacCard,ymaccardo5@businessinsider.com,115.85.16.111,Male
Leeland,Carneck,lcarnecko6@slideshare.net,225.218.70.160,Male
Reina,Brame,rbrameo7@omniture.com,29.110.24.153,Female
Vitia,Burrows,vburrowso8@toplist.cz,240.118.150.113,Female
Lorri,McCaig,lmccaigo9@about.com,13.39.222.179,Female
Denny,Crippill,dcrippilloa@homestead.com,17.96.155.24,Female
Marna,Colleford,mcollefordob@weebly.com,153.174.61.16,Female
Harlene,Brownbridge,hbrownbridgeoc@weebly.com,140.1.218.0,Female
Micah,Whitlow,mwhitlowod@com.com,214.98.179.249,Male
Gerrard,Durram,gdurramoe@miitbeian.gov.cn,134.156.213.87,Male
Bartholomeo,Dionsetti,bdionsettiof@shinystat.com,203.78.202.190,Male
Darcy,Antoney,dantoneyog@marketwatch.com,,Male
Lemuel,Methley,lmethleyoh@indiegogo.com,248.215.108.132,Male
Slade,Standish-Brooks,sstandishbrooksoi@paginegialle.it,79.68.217.177,Male
King,Billison,kbillisonoj@bing.com,189.74.242.77,
Karoline,Rossbrook,krossbrookok@technorati.com,40.78.121.26,
Dorthy,Learmouth,dlearmouthol@sphinn.com,110.65.240.26,
Elspeth,Chastanet,echastanetom@mediafire.com,,
Wye,Ruseworth,wruseworthoo@studiopress.com,177.176.138.162,Agender
Sophi,d'Escoffier,sdescoffierop@indiegogo.com,178.17.86.110,Female
Gwenneth,Fantonetti,gfantonettioq@vistaprint.com,138.57.157.33,Female
Amber,Nuemann,anuemannor@google.it,161.107.208.80,Female
Carlene,Cray,ccrayos@ed.gov,219.226.21.153,Female
Sebastiano,Loosley,sloosleyot@nps.gov,184.108.136.73,Male
Harriette,Tuckwell,htuckwellou@princeton.edu,23.88.236.2,Female
Roxi,Laurenceau,rlaurenceauov@livejournal.com,143.82.223.29,Female
Georgi,Bloomfield,gbloomfieldow@ftc.gov,166.206.86.121,Male
Der,Allison,dallisonox@sogou.com,9.241.51.43,Male
Perry,Burkill,pburkilloy@printfriendly.com,32.77.75.203,Male
Tonya,Lyford,tlyfordoz@imageshack.us,54.161.9.45,
Antonina,Reinbach,areinbachp0@tamu.edu,230.221.161.105,Female
Alfy,Elis,aelisp1@paypal.com,123.60.117.72,Non-binary
Aylmer,Makey,amakeyp2@census.gov,203.72.74.14,Male
Dom,Bartolomeotti,dbartolomeottip3@fc2.com,109.204.107.185,Male
Drugi,Bastard,dbastardp4@senate.gov,18.3.253.248,
Quincy,Georgeau,qgeorgeaup5@wisc.edu,29.202.86.59,Male
Pierette,Stonhard,pstonhardp6@vinaora.com,6.84.1.220,Female
Hartwell,Kunisch,hkunischp7@earthlink.net,,Male
Kory,Toombs,ktoombsp8@disqus.com,217.104.22.203,
Hunter,Ellice,hellicep9@deliciousdays.com,175.144.171.251,Male
Fred,Sutcliff,fsutcliffpa@timesonline.co.uk,,Male
Mord,Bengle,mbenglepb@cpanel.net,242.119.133.118,Male
Jarrod,Fright,jfrightpc@unesco.org,45.222.157.167,Male
Lari,Noyce,lnoycepd@marriott.com,16.68.140.55,Non-binary
Ethe,Sidsaff,esidsaffpe@naver.com,183.219.134.199,Male
Brock,Bronot,bbronotpf@java.com,180.58.220.64,Male
Renee,Haddeston,rhaddestonpg@ifeng.com,187.222.33.38,Female
Abbie,Richten,arichtenph@vistaprint.com,101.76.37.162,Female
Bernardine,Grissett,bgrissettpi@reuters.com,44.226.35.130,Female
Mayer,Vasilechko,mvasilechkopj@about.com,80.194.64.245,Male
Zack,Nawton,znawtonpk@hc360.com,,Male
Hester,Jewer,hjewerpl@bluehost.com,210.199.222.36,Female
Rossy,Newburn,rnewburnpm@google.de,126.126.83.116,Male
Dukie,Stillgoe,dstillgoepn@yelp.com,29.91.30.118,Male
Rickard,Calleja,rcallejapo@bloglovin.com,40.195.11.230,Male
Moritz,Wackly,mwacklypp@cdbaby.com,161.191.106.148,Male
Salvador,Robinette,srobinettepq@businesswire.com,235.110.40.209,Male
Annadiane,Van Niekerk,avanniekerkpr@sbwire.com,252.144.5.196,Female
Hedda,Vitall,hvitallps@gov.uk,11.12.178.211,
Bennie,Larsen,blarsenpt@sphinn.com,179.57.49.18,Male
Remus,Shaughnessy,rshaughnessypv@toplist.cz,14.167.70.231,Male
Jacob,Stammirs,jstammirspx@nih.gov,217.215.1.158,Male
Lu,Adrain,ladrainq1@illinois.edu,206.136.43.206,Female
Mal,Smorfit,msmorfitq2@cisco.com,214.5.141.184,Male
Harlin,Colleton,hcolletonq3@storify.com,77.158.195.199,Male
Bev,Sentance,bsentanceq4@pen.io,113.122.25.181,Male
Doralynn,Arsey,darseyq5@phpbb.com,40.153.114.244,Non-binary
Ashbey,Bullerwell,abullerwellq6@statcounter.com,,Male
Andria,Nickerson,anickersonq7@alibaba.com,216.199.59.216,Female
Ancell,Boyen,aboyenq8@eepurl.com,148.174.224.230,Male
Wayland,Hubery,whuberyq9@bizjournals.com,151.88.32.83,Male
Cleo,Casari,ccasariqa@plala.or.jp,249.12.47.175,Female
Ermin,Heiner,eheinerqb@arizona.edu,199.103.20.190,Male
Andreana,Ashington,aashingtonqc@1und1.de,58.60.35.47,Female
Launce,Batrick,lbatrickqe@desdev.cn,86.215.151.201,Male
Johnette,Simanek,jsimanekqg@sakura.ne.jp,102.182.47.38,Female
Ellissa,Reddington,ereddingtonqi@cbc.ca,210.84.254.222,Female
Codie,Valenta,cvalentaqj@deviantart.com,1.174.222.70,Female
Carlye,Jellico,cjellicoqk@google.fr,79.143.62.251,Female
Jennilee,Ginman,jginmanql@harvard.edu,245.114.60.28,Female
Juliann,Wesson,jwessonqm@pen.io,0.89.143.108,Female
Wylma,Stollenbecker,wstollenbeckerqn@examiner.com,66.112.66.251,Female
Bernie,Ivanchikov,bivanchikovqo@tripod.com,42.213.249.252,Female
Darren,Bellows,dbellowsqp@wp.com,66.55.211.131,Male
Leland,Schinetti,lschinettiqq@blogs.com,65.79.160.222,Male
Luciana,Garioch,lgariochqr@delicious.com,15.199.165.12,Female
Dennie,MacCulloch,dmaccullochqs@mapy.cz,207.131.164.133,Male
Christy,Mandell,cmandellqu@weebly.com,74.19.122.23,Male
Lief,Hince,lhinceqv@apache.org,10.57.45.189,Male
Christophe,Toe,ctoeqw@mlb.com,,Male
Phillip,Bettles,pbettlesqx@geocities.jp,200.36.44.44,
Rene,Chedzoy,rchedzoyqy@yandex.ru,102.64.90.61,Male
Ive,Pinson,ipinsonqz@sourceforge.net,57.150.169.87,Male
Odessa,Triggle,otriggler1@godaddy.com,116.171.213.33,Female
Valaria,Dalley,vdalleyr4@tuttocitta.it,235.155.30.185,Female
Lynnett,Keasy,lkeasyr5@ftc.gov,101.180.243.182,Female
Chere,Milthorpe,cmilthorper6@stanford.edu,204.208.201.130,Female
Dominik,Colombier,dcolombierr7@bandcamp.com,28.59.199.89,Male
Hasheem,Crowcroft,hcrowcroftr8@ca.gov,185.97.83.1,Male
Abbot,Plues,apluesr9@hexun.com,158.7.152.136,Male
Burnard,Eisenberg,beisenbergra@yahoo.com,,Male
Cathee,Cowdray,ccowdrayrc@gravatar.com,233.60.197.71,
Dulce,Conman,dconmanrd@cyberchimps.com,,Female
Elisabetta,Bosward,eboswardre@ovh.net,93.32.192.52,Non-binary
Amandy,Hackly,ahacklyrf@wix.com,14.133.78.118,Female
Aprilette,Wharin,awharinrg@chicagotribune.com,39.225.73.150,Female
Emmott,Hlavac,ehlavacri@networksolutions.com,,Male
Josiah,Borzone,jborzonerj@sitemeter.com,131.89.101.245,Male
Hollis,Gull,hgullrk@usgs.gov,16.93.9.174,
Lusa,Lantuff,llantuffrl@nasa.gov,121.187.201.229,Female
Robyn,Darey,rdareyrm@paypal.com,99.99.204.233,Female
Brinna,Kirwin,bkirwinro@loc.gov,29.28.117.119,
Lib,Smallacombe,lsmallacomberq@flavors.me,186.248.167.6,Female
Cleveland,Seathwright,cseathwrightrr@constantcontact.com,134.86.59.0,
